{
  "project_info": {
    "project_number": "389614655242",
    "firebase_url": "https://menu-chapingo.firebaseio.com",
    "project_id": "menu-chapingo",
    "storage_bucket": "menu-chapingo.appspot.com"
  },
  "client": [
    {
      "client_info": {
        "mobilesdk_app_id": "1:389614655242:android:a32b65bcb6f04dd2",
        "android_client_info": {
          "package_name": "com.gabo.menu2018"
        }
      },
      "oauth_client": [
        {
          "client_id": "389614655242-o3eff5n3rdkl70dka82og4bb8p5rvd49.apps.googleusercontent.com",
          "client_type": 1,
          "android_info": {
            "package_name": "com.gabo.menu2018",
            "certificate_hash": "dbc12ac331472d456a88342d6f2bac75b93f7f63"
          }
        },
        {
          "client_id": "389614655242-1c9irdpoa824anr9krahgvs875uhoe8f.apps.googleusercontent.com",
          "client_type": 3
        }
      ],
      "api_key": [
        {
          "current_key": "AIzaSyCNE8Yv7P0unIRSITzevTKifY0g01xWlHs"
        }
      ],
      "services": {
        "analytics_service": {
          "status": 1
        },
        "appinvite_service": {
          "status": 2,
          "other_platform_oauth_client": [
            {
              "client_id": "389614655242-1c9irdpoa824anr9krahgvs875uhoe8f.apps.googleusercontent.com",
              "client_type": 3
            }
          ]
        },
        "ads_service": {
          "status": 2
        }
      }
    }
  ],
  "configuration_version": "1"
}